schemaVersion,recordType,company,role_family,date,is_remote
1.0,JOB,OpenAI,AI Engineer,2026-06-23 21:06:59.921465,True
1.0,JOB,Google,ML Engineer,2026-06-23 21:06:59.921470,True
1.0,JOB,Microsoft,Data Scientist,2026-06-23 21:06:59.921471,True
1.0,JOB,Meta,Python Developer,2026-06-23 21:06:59.921472,True
1.0,JOB,Anthropic,LLM Engineer,2026-06-23 21:06:59.921473,True
1.0,JOB,OpenAI,AI Engineer,2026-06-23 21:06:59.921474,True
1.0,JOB,Google,ML Engineer,2026-06-23 21:06:59.921474,True
1.0,JOB,Microsoft,Data Scientist,2026-06-23 21:06:59.921475,True
1.0,JOB,Meta,Python Developer,2026-06-23 21:06:59.921476,True
1.0,JOB,Anthropic,LLM Engineer,2026-06-23 21:06:59.921476,True
1.0,JOB,OpenAI,AI Engineer,2026-06-23 21:06:59.921477,True
1.0,JOB,Google,ML Engineer,2026-06-23 21:06:59.921482,True
1.0,JOB,Microsoft,Data Scientist,2026-06-23 21:06:59.921483,True
1.0,JOB,Meta,Python Developer,2026-06-23 21:06:59.921483,True
1.0,JOB,Anthropic,LLM Engineer,2026-06-23 21:06:59.921484,True
1.0,JOB,OpenAI,AI Engineer,2026-06-23 21:06:59.921485,True
1.0,JOB,Google,ML Engineer,2026-06-23 21:06:59.921485,True
1.0,JOB,Microsoft,Data Scientist,2026-06-23 21:06:59.921486,True
1.0,JOB,Meta,Python Developer,2026-06-23 21:06:59.921486,True
1.0,JOB,Anthropic,LLM Engineer,2026-06-23 21:06:59.921487,True
1.0,JOB,OpenAI,AI Engineer,2026-06-23 21:06:59.921487,True
1.0,JOB,Google,ML Engineer,2026-06-23 21:06:59.921488,True
1.0,JOB,Microsoft,Data Scientist,2026-06-23 21:06:59.921489,True
1.0,JOB,Meta,Python Developer,2026-06-23 21:06:59.921489,True
1.0,JOB,Anthropic,LLM Engineer,2026-06-23 21:06:59.921490,True
1.0,JOB,OpenAI,AI Engineer,2026-06-23 21:06:59.921492,True
1.0,JOB,Google,ML Engineer,2026-06-23 21:06:59.921493,True
1.0,JOB,Microsoft,Data Scientist,2026-06-23 21:06:59.921493,True
1.0,JOB,Meta,Python Developer,2026-06-23 21:06:59.921494,True
1.0,JOB,Anthropic,LLM Engineer,2026-06-23 21:06:59.921494,True
1.0,JOB,OpenAI,AI Engineer,2026-06-23 21:06:59.921495,True
1.0,JOB,Google,ML Engineer,2026-06-23 21:06:59.921497,True
1.0,JOB,Microsoft,Data Scientist,2026-06-23 21:06:59.921498,True
1.0,JOB,Meta,Python Developer,2026-06-23 21:06:59.921498,True
1.0,JOB,Anthropic,LLM Engineer,2026-06-23 21:06:59.921499,True
1.0,JOB,OpenAI,AI Engineer,2026-06-23 21:06:59.921500,True
1.0,JOB,Google,ML Engineer,2026-06-23 21:06:59.921500,True
1.0,JOB,Microsoft,Data Scientist,2026-06-23 21:06:59.921501,True
1.0,JOB,Meta,Python Developer,2026-06-23 21:06:59.921502,True
1.0,JOB,Anthropic,LLM Engineer,2026-06-23 21:06:59.921502,True
1.0,JOB,OpenAI,AI Engineer,2026-06-23 21:06:59.921503,True
1.0,JOB,Google,ML Engineer,2026-06-23 21:06:59.921503,True
1.0,JOB,Microsoft,Data Scientist,2026-06-23 21:06:59.921504,True
1.0,JOB,Meta,Python Developer,2026-06-23 21:06:59.921504,True
1.0,JOB,Anthropic,LLM Engineer,2026-06-23 21:06:59.921505,True
1.0,JOB,OpenAI,AI Engineer,2026-06-23 21:06:59.921505,True
1.0,JOB,Google,ML Engineer,2026-06-23 21:06:59.921506,True
1.0,JOB,Microsoft,Data Scientist,2026-06-23 21:06:59.921507,True
1.0,JOB,Meta,Python Developer,2026-06-23 21:06:59.921507,True
1.0,JOB,Anthropic,LLM Engineer,2026-06-23 21:06:59.921508,True
1.0,JOB,OpenAI,AI Engineer,2026-06-23 21:06:59.921510,True
1.0,JOB,Google,ML Engineer,2026-06-23 21:06:59.921510,True
1.0,JOB,Microsoft,Data Scientist,2026-06-23 21:06:59.921511,True
1.0,JOB,Meta,Python Developer,2026-06-23 21:06:59.921511,True
1.0,JOB,Anthropic,LLM Engineer,2026-06-23 21:06:59.921512,True
1.0,JOB,OpenAI,AI Engineer,2026-06-23 21:06:59.921513,True
1.0,JOB,Google,ML Engineer,2026-06-23 21:06:59.921513,True
1.0,JOB,Microsoft,Data Scientist,2026-06-23 21:06:59.921514,True
1.0,JOB,Meta,Python Developer,2026-06-23 21:06:59.921514,True
1.0,JOB,Anthropic,LLM Engineer,2026-06-23 21:06:59.921515,True
1.0,JOB,OpenAI,AI Engineer,2026-06-23 21:06:59.921515,True
1.0,JOB,Google,ML Engineer,2026-06-23 21:06:59.921516,True
1.0,JOB,Microsoft,Data Scientist,2026-06-23 21:06:59.921516,True
1.0,JOB,Meta,Python Developer,2026-06-23 21:06:59.921517,True
1.0,JOB,Anthropic,LLM Engineer,2026-06-23 21:06:59.921517,True
1.0,JOB,OpenAI,AI Engineer,2026-06-23 21:06:59.921519,True
1.0,JOB,Google,ML Engineer,2026-06-23 21:06:59.921519,True
1.0,JOB,Microsoft,Data Scientist,2026-06-23 21:06:59.921520,True
1.0,JOB,Meta,Python Developer,2026-06-23 21:06:59.921520,True
1.0,JOB,Anthropic,LLM Engineer,2026-06-23 21:06:59.921521,True
1.0,JOB,OpenAI,AI Engineer,2026-06-23 21:06:59.921523,True
1.0,JOB,Google,ML Engineer,2026-06-23 21:06:59.921523,True
1.0,JOB,Microsoft,Data Scientist,2026-06-23 21:06:59.921524,True
1.0,JOB,Meta,Python Developer,2026-06-23 21:06:59.921524,True
1.0,JOB,Anthropic,LLM Engineer,2026-06-23 21:06:59.921525,True
1.0,JOB,OpenAI,AI Engineer,2026-06-23 21:06:59.921525,True
1.0,JOB,Google,ML Engineer,2026-06-23 21:06:59.921526,True
1.0,JOB,Microsoft,Data Scientist,2026-06-23 21:06:59.921527,True
1.0,JOB,Meta,Python Developer,2026-06-23 21:06:59.921529,True
1.0,JOB,Anthropic,LLM Engineer,2026-06-23 21:06:59.921530,True
1.0,JOB,OpenAI,AI Engineer,2026-06-23 21:06:59.921530,True
1.0,JOB,Google,ML Engineer,2026-06-23 21:06:59.921531,True
1.0,JOB,Microsoft,Data Scientist,2026-06-23 21:06:59.921532,True
1.0,JOB,Meta,Python Developer,2026-06-23 21:06:59.921532,True
1.0,JOB,Anthropic,LLM Engineer,2026-06-23 21:06:59.921533,True
1.0,JOB,OpenAI,AI Engineer,2026-06-23 21:06:59.921533,True
1.0,JOB,Google,ML Engineer,2026-06-23 21:06:59.921534,True
1.0,JOB,Microsoft,Data Scientist,2026-06-23 21:06:59.921535,True
1.0,JOB,Meta,Python Developer,2026-06-23 21:06:59.921537,True
1.0,JOB,Anthropic,LLM Engineer,2026-06-23 21:06:59.921538,True
1.0,JOB,OpenAI,AI Engineer,2026-06-23 21:06:59.921539,True
1.0,JOB,Google,ML Engineer,2026-06-23 21:06:59.921540,True
1.0,JOB,Microsoft,Data Scientist,2026-06-23 21:06:59.921540,True
1.0,JOB,Meta,Python Developer,2026-06-23 21:06:59.921541,True
1.0,JOB,Anthropic,LLM Engineer,2026-06-23 21:06:59.921542,True
1.0,JOB,OpenAI,AI Engineer,2026-06-23 21:06:59.921542,True
1.0,JOB,Google,ML Engineer,2026-06-23 21:06:59.921543,True
1.0,JOB,Microsoft,Data Scientist,2026-06-23 21:06:59.921543,True
1.0,JOB,Meta,Python Developer,2026-06-23 21:06:59.921544,True
1.0,JOB,Anthropic,LLM Engineer,2026-06-23 21:06:59.921544,True
1.0,JOB,OpenAI,AI Engineer,2026-06-23 21:06:59.921545,True
1.0,JOB,Google,ML Engineer,2026-06-23 21:06:59.921545,True
1.0,JOB,Microsoft,Data Scientist,2026-06-23 21:06:59.921546,True
1.0,JOB,Meta,Python Developer,2026-06-23 21:06:59.921546,True
1.0,JOB,Anthropic,LLM Engineer,2026-06-23 21:06:59.921547,True
1.0,JOB,OpenAI,AI Engineer,2026-06-23 21:06:59.921547,True
1.0,JOB,Google,ML Engineer,2026-06-23 21:06:59.921548,True
1.0,JOB,Microsoft,Data Scientist,2026-06-23 21:06:59.921548,True
1.0,JOB,Meta,Python Developer,2026-06-23 21:06:59.921549,True
1.0,JOB,Anthropic,LLM Engineer,2026-06-23 21:06:59.921551,True
1.0,JOB,OpenAI,AI Engineer,2026-06-23 21:06:59.921552,True
1.0,JOB,Google,ML Engineer,2026-06-23 21:06:59.921552,True
1.0,JOB,Microsoft,Data Scientist,2026-06-23 21:06:59.921553,True
1.0,JOB,Meta,Python Developer,2026-06-23 21:06:59.921553,True
1.0,JOB,Anthropic,LLM Engineer,2026-06-23 21:06:59.921554,True
1.0,JOB,OpenAI,AI Engineer,2026-06-23 21:06:59.921554,True
1.0,JOB,Google,ML Engineer,2026-06-23 21:06:59.921555,True
1.0,JOB,Microsoft,Data Scientist,2026-06-23 21:06:59.921555,True
1.0,JOB,Meta,Python Developer,2026-06-23 21:06:59.921556,True
1.0,JOB,Anthropic,LLM Engineer,2026-06-23 21:06:59.921556,True
1.0,JOB,OpenAI,AI Engineer,2026-06-23 21:06:59.921557,True
1.0,JOB,Google,ML Engineer,2026-06-23 21:06:59.921557,True
1.0,JOB,Microsoft,Data Scientist,2026-06-23 21:06:59.921558,True
1.0,JOB,Meta,Python Developer,2026-06-23 21:06:59.921558,True
1.0,JOB,Anthropic,LLM Engineer,2026-06-23 21:06:59.921559,True
1.0,JOB,OpenAI,AI Engineer,2026-06-23 21:06:59.921560,True
1.0,JOB,Google,ML Engineer,2026-06-23 21:06:59.921560,True
1.0,JOB,Microsoft,Data Scientist,2026-06-23 21:06:59.921561,True
1.0,JOB,Meta,Python Developer,2026-06-23 21:06:59.921563,True
1.0,JOB,Anthropic,LLM Engineer,2026-06-23 21:06:59.921563,True
1.0,JOB,OpenAI,AI Engineer,2026-06-23 21:06:59.921564,True
1.0,JOB,Google,ML Engineer,2026-06-23 21:06:59.921564,True
1.0,JOB,Microsoft,Data Scientist,2026-06-23 21:06:59.921565,True
1.0,JOB,Meta,Python Developer,2026-06-23 21:06:59.921565,True
1.0,JOB,Anthropic,LLM Engineer,2026-06-23 21:06:59.921566,True
1.0,JOB,OpenAI,AI Engineer,2026-06-23 21:06:59.921566,True
1.0,JOB,Google,ML Engineer,2026-06-23 21:06:59.921567,True
1.0,JOB,Microsoft,Data Scientist,2026-06-23 21:06:59.921568,True
1.0,JOB,Meta,Python Developer,2026-06-23 21:06:59.921568,True
1.0,JOB,Anthropic,LLM Engineer,2026-06-23 21:06:59.921569,True
1.0,JOB,OpenAI,AI Engineer,2026-06-23 21:06:59.921569,True
1.0,JOB,Google,ML Engineer,2026-06-23 21:06:59.921569,True
1.0,JOB,Microsoft,Data Scientist,2026-06-23 21:06:59.921570,True
1.0,JOB,Meta,Python Developer,2026-06-23 21:06:59.921571,True
1.0,JOB,Anthropic,LLM Engineer,2026-06-23 21:06:59.921571,True
1.0,JOB,OpenAI,AI Engineer,2026-06-23 21:06:59.921572,True
1.0,JOB,Google,ML Engineer,2026-06-23 21:06:59.921572,True
1.0,JOB,Microsoft,Data Scientist,2026-06-23 21:06:59.921573,True
1.0,JOB,Meta,Python Developer,2026-06-23 21:06:59.921575,True
1.0,JOB,Anthropic,LLM Engineer,2026-06-23 21:06:59.921575,True
1.0,JOB,OpenAI,AI Engineer,2026-06-23 21:06:59.921576,True
1.0,JOB,Google,ML Engineer,2026-06-23 21:06:59.921577,True
1.0,JOB,Microsoft,Data Scientist,2026-06-23 21:06:59.921578,True
1.0,JOB,Meta,Python Developer,2026-06-23 21:06:59.921579,True
1.0,JOB,Anthropic,LLM Engineer,2026-06-23 21:06:59.921579,True
1.0,JOB,OpenAI,AI Engineer,2026-06-23 21:06:59.921580,True
1.0,JOB,Google,ML Engineer,2026-06-23 21:06:59.921581,True
1.0,JOB,Microsoft,Data Scientist,2026-06-23 21:06:59.921581,True
1.0,JOB,Meta,Python Developer,2026-06-23 21:06:59.921582,True
1.0,JOB,Anthropic,LLM Engineer,2026-06-23 21:06:59.921582,True
1.0,JOB,OpenAI,AI Engineer,2026-06-23 21:06:59.921583,True
1.0,JOB,Google,ML Engineer,2026-06-23 21:06:59.921583,True
1.0,JOB,Microsoft,Data Scientist,2026-06-23 21:06:59.921584,True
1.0,JOB,Meta,Python Developer,2026-06-23 21:06:59.921584,True
1.0,JOB,Anthropic,LLM Engineer,2026-06-23 21:06:59.921586,True
1.0,JOB,OpenAI,AI Engineer,2026-06-23 21:06:59.921587,True
1.0,JOB,Google,ML Engineer,2026-06-23 21:06:59.921587,True
1.0,JOB,Microsoft,Data Scientist,2026-06-23 21:06:59.921589,True
1.0,JOB,Meta,Python Developer,2026-06-23 21:06:59.921590,True
1.0,JOB,Anthropic,LLM Engineer,2026-06-23 21:06:59.921590,True
1.0,JOB,OpenAI,AI Engineer,2026-06-23 21:06:59.921591,True
1.0,JOB,Google,ML Engineer,2026-06-23 21:06:59.921592,True
1.0,JOB,Microsoft,Data Scientist,2026-06-23 21:06:59.921592,True
1.0,JOB,Meta,Python Developer,2026-06-23 21:06:59.921593,True
1.0,JOB,Anthropic,LLM Engineer,2026-06-23 21:06:59.921594,True
1.0,JOB,OpenAI,AI Engineer,2026-06-23 21:06:59.921594,True
1.0,JOB,Google,ML Engineer,2026-06-23 21:06:59.921595,True
1.0,JOB,Microsoft,Data Scientist,2026-06-23 21:06:59.921595,True
1.0,JOB,Meta,Python Developer,2026-06-23 21:06:59.921596,True
1.0,JOB,Anthropic,LLM Engineer,2026-06-23 21:06:59.921596,True
1.0,JOB,OpenAI,AI Engineer,2026-06-23 21:06:59.921597,True
1.0,JOB,Google,ML Engineer,2026-06-23 21:06:59.921597,True
1.0,JOB,Microsoft,Data Scientist,2026-06-23 21:06:59.921598,True
1.0,JOB,Meta,Python Developer,2026-06-23 21:06:59.921598,True
1.0,JOB,Anthropic,LLM Engineer,2026-06-23 21:06:59.921599,True
1.0,JOB,OpenAI,AI Engineer,2026-06-23 21:06:59.921599,True
1.0,JOB,Google,ML Engineer,2026-06-23 21:06:59.921600,True
1.0,JOB,Microsoft,Data Scientist,2026-06-23 21:06:59.921602,True
1.0,JOB,Meta,Python Developer,2026-06-23 21:06:59.921602,True
1.0,JOB,Anthropic,LLM Engineer,2026-06-23 21:06:59.921603,True
1.0,JOB,OpenAI,AI Engineer,2026-06-23 21:06:59.921603,True
1.0,JOB,Google,ML Engineer,2026-06-23 21:06:59.921604,True
1.0,JOB,Microsoft,Data Scientist,2026-06-23 21:06:59.921604,True
1.0,JOB,Meta,Python Developer,2026-06-23 21:06:59.921605,True
1.0,JOB,Anthropic,LLM Engineer,2026-06-23 21:06:59.921605,True
1.0,JOB,OpenAI,AI Engineer,2026-06-23 21:06:59.921606,True
1.0,JOB,Google,ML Engineer,2026-06-23 21:06:59.921607,True
1.0,JOB,Microsoft,Data Scientist,2026-06-23 21:06:59.921607,True
1.0,JOB,Meta,Python Developer,2026-06-23 21:06:59.921608,True
1.0,JOB,Anthropic,LLM Engineer,2026-06-23 21:06:59.921608,True
1.0,JOB,OpenAI,AI Engineer,2026-06-23 21:06:59.921609,True
1.0,JOB,Google,ML Engineer,2026-06-23 21:06:59.921610,True
1.0,JOB,Microsoft,Data Scientist,2026-06-23 21:06:59.921610,True
1.0,JOB,Meta,Python Developer,2026-06-23 21:06:59.921611,True
1.0,JOB,Anthropic,LLM Engineer,2026-06-23 21:06:59.921611,True
1.0,JOB,OpenAI,AI Engineer,2026-06-23 21:06:59.921612,True
1.0,JOB,Google,ML Engineer,2026-06-23 21:06:59.921613,True
1.0,JOB,Microsoft,Data Scientist,2026-06-23 21:06:59.921614,True
1.0,JOB,Meta,Python Developer,2026-06-23 21:06:59.921615,True
1.0,JOB,Anthropic,LLM Engineer,2026-06-23 21:06:59.921615,True
1.0,JOB,OpenAI,AI Engineer,2026-06-23 21:06:59.921616,True
1.0,JOB,Google,ML Engineer,2026-06-23 21:06:59.921616,True
1.0,JOB,Microsoft,Data Scientist,2026-06-23 21:06:59.921617,True
1.0,JOB,Meta,Python Developer,2026-06-23 21:06:59.921617,True
1.0,JOB,Anthropic,LLM Engineer,2026-06-23 21:06:59.921618,True
1.0,JOB,OpenAI,AI Engineer,2026-06-23 21:06:59.921618,True
1.0,JOB,Google,ML Engineer,2026-06-23 21:06:59.921620,True
1.0,JOB,Microsoft,Data Scientist,2026-06-23 21:06:59.921621,True
1.0,JOB,Meta,Python Developer,2026-06-23 21:06:59.921621,True
1.0,JOB,Anthropic,LLM Engineer,2026-06-23 21:06:59.921622,True
1.0,JOB,OpenAI,AI Engineer,2026-06-23 21:06:59.921623,True
1.0,JOB,Google,ML Engineer,2026-06-23 21:06:59.921623,True
1.0,JOB,Microsoft,Data Scientist,2026-06-23 21:06:59.921624,True
1.0,JOB,Meta,Python Developer,2026-06-23 21:06:59.921624,True
1.0,JOB,Anthropic,LLM Engineer,2026-06-23 21:06:59.921625,True
1.0,JOB,OpenAI,AI Engineer,2026-06-23 21:06:59.921625,True
1.0,JOB,Google,ML Engineer,2026-06-23 21:06:59.921627,True
1.0,JOB,Microsoft,Data Scientist,2026-06-23 21:06:59.921628,True
1.0,JOB,Meta,Python Developer,2026-06-23 21:06:59.921628,True
1.0,JOB,Anthropic,LLM Engineer,2026-06-23 21:06:59.921629,True
1.0,JOB,OpenAI,AI Engineer,2026-06-23 21:06:59.921629,True
1.0,JOB,Google,ML Engineer,2026-06-23 21:06:59.921630,True
1.0,JOB,Microsoft,Data Scientist,2026-06-23 21:06:59.921630,True
1.0,JOB,Meta,Python Developer,2026-06-23 21:06:59.921631,True
1.0,JOB,Anthropic,LLM Engineer,2026-06-23 21:06:59.921632,True
1.0,JOB,OpenAI,AI Engineer,2026-06-23 21:06:59.921632,True
1.0,JOB,Google,ML Engineer,2026-06-23 21:06:59.921633,True
1.0,JOB,Microsoft,Data Scientist,2026-06-23 21:06:59.921633,True
1.0,JOB,Meta,Python Developer,2026-06-23 21:06:59.921634,True
1.0,JOB,Anthropic,LLM Engineer,2026-06-23 21:06:59.921634,True
1.0,JOB,OpenAI,AI Engineer,2026-06-23 21:06:59.921635,True
1.0,JOB,Google,ML Engineer,2026-06-23 21:06:59.921635,True
1.0,JOB,Microsoft,Data Scientist,2026-06-23 21:06:59.921636,True
1.0,JOB,Meta,Python Developer,2026-06-23 21:06:59.921636,True
1.0,JOB,Anthropic,LLM Engineer,2026-06-23 21:06:59.921637,True
1.0,JOB,OpenAI,AI Engineer,2026-06-23 21:06:59.921639,True
1.0,JOB,Google,ML Engineer,2026-06-23 21:06:59.921639,True
1.0,JOB,Microsoft,Data Scientist,2026-06-23 21:06:59.921640,True
1.0,JOB,Meta,Python Developer,2026-06-23 21:06:59.921642,True
1.0,JOB,Anthropic,LLM Engineer,2026-06-23 21:06:59.921643,True
1.0,JOB,OpenAI,AI Engineer,2026-06-23 21:06:59.921643,True
1.0,JOB,Google,ML Engineer,2026-06-23 21:06:59.921644,True
1.0,JOB,Microsoft,Data Scientist,2026-06-23 21:06:59.921644,True
1.0,JOB,Meta,Python Developer,2026-06-23 21:06:59.921645,True
1.0,JOB,Anthropic,LLM Engineer,2026-06-23 21:06:59.921645,True
1.0,JOB,OpenAI,AI Engineer,2026-06-23 21:06:59.921646,True
1.0,JOB,Google,ML Engineer,2026-06-23 21:06:59.921646,True
1.0,JOB,Microsoft,Data Scientist,2026-06-23 21:06:59.921647,True
1.0,JOB,Meta,Python Developer,2026-06-23 21:06:59.921648,True
1.0,JOB,Anthropic,LLM Engineer,2026-06-23 21:06:59.921648,True
1.0,JOB,OpenAI,AI Engineer,2026-06-23 21:06:59.921649,True
1.0,JOB,Google,ML Engineer,2026-06-23 21:06:59.921650,True
1.0,JOB,Microsoft,Data Scientist,2026-06-23 21:06:59.921650,True
1.0,JOB,Meta,Python Developer,2026-06-23 21:06:59.921651,True
1.0,JOB,Anthropic,LLM Engineer,2026-06-23 21:06:59.921651,True
1.0,JOB,OpenAI,AI Engineer,2026-06-23 21:06:59.921653,True
1.0,JOB,Google,ML Engineer,2026-06-23 21:06:59.921654,True
1.0,JOB,Microsoft,Data Scientist,2026-06-23 21:06:59.921655,True
1.0,JOB,Meta,Python Developer,2026-06-23 21:06:59.921655,True
1.0,JOB,Anthropic,LLM Engineer,2026-06-23 21:06:59.921656,True
1.0,JOB,OpenAI,AI Engineer,2026-06-23 21:06:59.921657,True
1.0,JOB,Google,ML Engineer,2026-06-23 21:06:59.921657,True
1.0,JOB,Microsoft,Data Scientist,2026-06-23 21:06:59.921658,True
1.0,JOB,Meta,Python Developer,2026-06-23 21:06:59.921658,True
1.0,JOB,Anthropic,LLM Engineer,2026-06-23 21:06:59.921659,True
1.0,JOB,OpenAI,AI Engineer,2026-06-23 21:06:59.921659,True
1.0,JOB,Google,ML Engineer,2026-06-23 21:06:59.921660,True
1.0,JOB,Microsoft,Data Scientist,2026-06-23 21:06:59.921660,True
1.0,JOB,Meta,Python Developer,2026-06-23 21:06:59.921661,True
1.0,JOB,Anthropic,LLM Engineer,2026-06-23 21:06:59.921662,True
1.0,JOB,OpenAI,AI Engineer,2026-06-23 21:06:59.921664,True
1.0,JOB,Google,ML Engineer,2026-06-23 21:06:59.921664,True
1.0,JOB,Microsoft,Data Scientist,2026-06-23 21:06:59.921665,True
1.0,JOB,Meta,Python Developer,2026-06-23 21:06:59.921666,True
1.0,JOB,Anthropic,LLM Engineer,2026-06-23 21:06:59.921667,True
1.0,JOB,OpenAI,AI Engineer,2026-06-23 21:06:59.921668,True
1.0,JOB,Google,ML Engineer,2026-06-23 21:06:59.921669,True
1.0,JOB,Microsoft,Data Scientist,2026-06-23 21:06:59.921669,True
1.0,JOB,Meta,Python Developer,2026-06-23 21:06:59.921670,True
1.0,JOB,Anthropic,LLM Engineer,2026-06-23 21:06:59.921670,True
1.0,JOB,OpenAI,AI Engineer,2026-06-23 21:06:59.921671,True
1.0,JOB,Google,ML Engineer,2026-06-23 21:06:59.921671,True
1.0,JOB,Microsoft,Data Scientist,2026-06-23 21:06:59.921672,True
1.0,JOB,Meta,Python Developer,2026-06-23 21:06:59.921672,True
1.0,JOB,Anthropic,LLM Engineer,2026-06-23 21:06:59.921673,True
1.0,JOB,OpenAI,AI Engineer,2026-06-23 21:06:59.921673,True
1.0,JOB,Google,ML Engineer,2026-06-23 21:06:59.921674,True
1.0,JOB,Microsoft,Data Scientist,2026-06-23 21:06:59.921674,True
1.0,JOB,Meta,Python Developer,2026-06-23 21:06:59.921675,True
1.0,JOB,Anthropic,LLM Engineer,2026-06-23 21:06:59.921675,True
1.0,JOB,OpenAI,AI Engineer,2026-06-23 21:06:59.921676,True
1.0,JOB,Google,ML Engineer,2026-06-23 21:06:59.921676,True
1.0,JOB,Microsoft,Data Scientist,2026-06-23 21:06:59.921677,True
1.0,JOB,Meta,Python Developer,2026-06-23 21:06:59.921678,True
1.0,JOB,Anthropic,LLM Engineer,2026-06-23 21:06:59.921680,True
1.0,JOB,OpenAI,AI Engineer,2026-06-23 21:06:59.921680,True
1.0,JOB,Google,ML Engineer,2026-06-23 21:06:59.921681,True
1.0,JOB,Microsoft,Data Scientist,2026-06-23 21:06:59.921681,True
1.0,JOB,Meta,Python Developer,2026-06-23 21:06:59.921682,True
1.0,JOB,Anthropic,LLM Engineer,2026-06-23 21:06:59.921683,True
1.0,JOB,OpenAI,AI Engineer,2026-06-23 21:06:59.921684,True
1.0,JOB,Google,ML Engineer,2026-06-23 21:06:59.921684,True
1.0,JOB,Microsoft,Data Scientist,2026-06-23 21:06:59.921685,True
1.0,JOB,Meta,Python Developer,2026-06-23 21:06:59.921685,True
1.0,JOB,Anthropic,LLM Engineer,2026-06-23 21:06:59.921686,True
1.0,JOB,OpenAI,AI Engineer,2026-06-23 21:06:59.921686,True
1.0,JOB,Google,ML Engineer,2026-06-23 21:06:59.921687,True
1.0,JOB,Microsoft,Data Scientist,2026-06-23 21:06:59.921687,True
1.0,JOB,Meta,Python Developer,2026-06-23 21:06:59.921688,True
1.0,JOB,Anthropic,LLM Engineer,2026-06-23 21:06:59.921688,True
1.0,JOB,OpenAI,AI Engineer,2026-06-23 21:06:59.921689,True
1.0,JOB,Google,ML Engineer,2026-06-23 21:06:59.921690,True
1.0,JOB,Microsoft,Data Scientist,2026-06-23 21:06:59.921690,True
1.0,JOB,Meta,Python Developer,2026-06-23 21:06:59.921692,True
1.0,JOB,Anthropic,LLM Engineer,2026-06-23 21:06:59.921693,True
1.0,JOB,OpenAI,AI Engineer,2026-06-23 21:06:59.921693,True
1.0,JOB,Google,ML Engineer,2026-06-23 21:06:59.921694,True
1.0,JOB,Microsoft,Data Scientist,2026-06-23 21:06:59.921694,True
1.0,JOB,Meta,Python Developer,2026-06-23 21:06:59.921695,True
1.0,JOB,Anthropic,LLM Engineer,2026-06-23 21:06:59.921695,True
1.0,JOB,OpenAI,AI Engineer,2026-06-23 21:06:59.921696,True
1.0,JOB,Google,ML Engineer,2026-06-23 21:06:59.921696,True
1.0,JOB,Microsoft,Data Scientist,2026-06-23 21:06:59.921697,True
1.0,JOB,Meta,Python Developer,2026-06-23 21:06:59.921699,True
1.0,JOB,Anthropic,LLM Engineer,2026-06-23 21:06:59.921700,True
1.0,JOB,OpenAI,AI Engineer,2026-06-23 21:06:59.921700,True
1.0,JOB,Google,ML Engineer,2026-06-23 21:06:59.921701,True
1.0,JOB,Microsoft,Data Scientist,2026-06-23 21:06:59.921701,True
1.0,JOB,Meta,Python Developer,2026-06-23 21:06:59.921702,True
1.0,JOB,Anthropic,LLM Engineer,2026-06-23 21:06:59.921702,True
1.0,JOB,OpenAI,AI Engineer,2026-06-23 21:06:59.921703,True
1.0,JOB,Google,ML Engineer,2026-06-23 21:06:59.921703,True
1.0,JOB,Microsoft,Data Scientist,2026-06-23 21:06:59.921704,True
1.0,JOB,Meta,Python Developer,2026-06-23 21:06:59.921707,True
1.0,JOB,Anthropic,LLM Engineer,2026-06-23 21:06:59.921708,True
1.0,JOB,OpenAI,AI Engineer,2026-06-23 21:06:59.921708,True
1.0,JOB,Google,ML Engineer,2026-06-23 21:06:59.921709,True
1.0,JOB,Microsoft,Data Scientist,2026-06-23 21:06:59.921709,True
1.0,JOB,Meta,Python Developer,2026-06-23 21:06:59.921710,True
1.0,JOB,Anthropic,LLM Engineer,2026-06-23 21:06:59.921710,True
1.0,JOB,OpenAI,AI Engineer,2026-06-23 21:06:59.921711,True
1.0,JOB,Google,ML Engineer,2026-06-23 21:06:59.921711,True
1.0,JOB,Microsoft,Data Scientist,2026-06-23 21:06:59.921712,True
1.0,JOB,Meta,Python Developer,2026-06-23 21:06:59.921713,True
1.0,JOB,Anthropic,LLM Engineer,2026-06-23 21:06:59.921714,True
1.0,JOB,OpenAI,AI Engineer,2026-06-23 21:06:59.921714,True
1.0,JOB,Google,ML Engineer,2026-06-23 21:06:59.921715,True
1.0,JOB,Microsoft,Data Scientist,2026-06-23 21:06:59.921715,True
1.0,JOB,Meta,Python Developer,2026-06-23 21:06:59.921716,True
1.0,JOB,Anthropic,LLM Engineer,2026-06-23 21:06:59.921716,True
1.0,JOB,OpenAI,AI Engineer,2026-06-23 21:06:59.921717,True
1.0,JOB,Google,ML Engineer,2026-06-23 21:06:59.921717,True
1.0,JOB,Microsoft,Data Scientist,2026-06-23 21:06:59.921719,True
1.0,JOB,Meta,Python Developer,2026-06-23 21:06:59.921720,True
1.0,JOB,Anthropic,LLM Engineer,2026-06-23 21:06:59.921720,True
1.0,JOB,OpenAI,AI Engineer,2026-06-23 21:06:59.921721,True
1.0,JOB,Google,ML Engineer,2026-06-23 21:06:59.921722,True
1.0,JOB,Microsoft,Data Scientist,2026-06-23 21:06:59.921722,True
1.0,JOB,Meta,Python Developer,2026-06-23 21:06:59.921723,True
1.0,JOB,Anthropic,LLM Engineer,2026-06-23 21:06:59.921723,True
1.0,JOB,OpenAI,AI Engineer,2026-06-23 21:06:59.921724,True
1.0,JOB,Google,ML Engineer,2026-06-23 21:06:59.921724,True
1.0,JOB,Microsoft,Data Scientist,2026-06-23 21:06:59.921725,True
1.0,JOB,Meta,Python Developer,2026-06-23 21:06:59.921725,True
1.0,JOB,Anthropic,LLM Engineer,2026-06-23 21:06:59.921726,True
1.0,JOB,OpenAI,AI Engineer,2026-06-23 21:06:59.921726,True
1.0,JOB,Google,ML Engineer,2026-06-23 21:06:59.921727,True
1.0,JOB,Microsoft,Data Scientist,2026-06-23 21:06:59.921727,True
1.0,JOB,Meta,Python Developer,2026-06-23 21:06:59.921728,True
1.0,JOB,Anthropic,LLM Engineer,2026-06-23 21:06:59.921729,True
1.0,JOB,OpenAI,AI Engineer,2026-06-23 21:06:59.921729,True
1.0,JOB,Google,ML Engineer,2026-06-23 21:06:59.921730,True
1.0,JOB,Microsoft,Data Scientist,2026-06-23 21:06:59.921732,True
1.0,JOB,Meta,Python Developer,2026-06-23 21:06:59.921732,True
1.0,JOB,Anthropic,LLM Engineer,2026-06-23 21:06:59.921733,True
1.0,JOB,OpenAI,AI Engineer,2026-06-23 21:06:59.921733,True
1.0,JOB,Google,ML Engineer,2026-06-23 21:06:59.921734,True
1.0,JOB,Microsoft,Data Scientist,2026-06-23 21:06:59.921734,True
1.0,JOB,Meta,Python Developer,2026-06-23 21:06:59.921735,True
1.0,JOB,Anthropic,LLM Engineer,2026-06-23 21:06:59.921735,True
1.0,JOB,OpenAI,AI Engineer,2026-06-23 21:06:59.921736,True
1.0,JOB,Google,ML Engineer,2026-06-23 21:06:59.921736,True
1.0,JOB,Microsoft,Data Scientist,2026-06-23 21:06:59.921737,True
1.0,JOB,Meta,Python Developer,2026-06-23 21:06:59.921738,True
1.0,JOB,Anthropic,LLM Engineer,2026-06-23 21:06:59.921738,True
1.0,JOB,OpenAI,AI Engineer,2026-06-23 21:06:59.921738,True
1.0,JOB,Google,ML Engineer,2026-06-23 21:06:59.921739,True
1.0,JOB,Microsoft,Data Scientist,2026-06-23 21:06:59.921740,True
1.0,JOB,Meta,Python Developer,2026-06-23 21:06:59.921740,True
1.0,JOB,Anthropic,LLM Engineer,2026-06-23 21:06:59.921741,True
1.0,JOB,OpenAI,AI Engineer,2026-06-23 21:06:59.921741,True
1.0,JOB,Google,ML Engineer,2026-06-23 21:06:59.921744,True
1.0,JOB,Microsoft,Data Scientist,2026-06-23 21:06:59.921744,True
1.0,JOB,Meta,Python Developer,2026-06-23 21:06:59.921745,True
1.0,JOB,Anthropic,LLM Engineer,2026-06-23 21:06:59.921746,True
1.0,JOB,OpenAI,AI Engineer,2026-06-23 21:06:59.921746,True
1.0,JOB,Google,ML Engineer,2026-06-23 21:06:59.921747,True
1.0,JOB,Microsoft,Data Scientist,2026-06-23 21:06:59.921749,True
1.0,JOB,Meta,Python Developer,2026-06-23 21:06:59.921749,True
1.0,JOB,Anthropic,LLM Engineer,2026-06-23 21:06:59.921750,True
1.0,JOB,OpenAI,AI Engineer,2026-06-23 21:06:59.921751,True
1.0,JOB,Google,ML Engineer,2026-06-23 21:06:59.921751,True
1.0,JOB,Microsoft,Data Scientist,2026-06-23 21:06:59.921752,True
1.0,JOB,Meta,Python Developer,2026-06-23 21:06:59.921752,True
1.0,JOB,Anthropic,LLM Engineer,2026-06-23 21:06:59.921753,True
1.0,JOB,OpenAI,AI Engineer,2026-06-23 21:06:59.921753,True
1.0,JOB,Google,ML Engineer,2026-06-23 21:06:59.921754,True
1.0,JOB,Microsoft,Data Scientist,2026-06-23 21:06:59.921754,True
1.0,JOB,Meta,Python Developer,2026-06-23 21:06:59.921756,True
1.0,JOB,Anthropic,LLM Engineer,2026-06-23 21:06:59.921757,True
1.0,JOB,OpenAI,AI Engineer,2026-06-23 21:06:59.921757,True
1.0,JOB,Google,ML Engineer,2026-06-23 21:06:59.921759,True
1.0,JOB,Microsoft,Data Scientist,2026-06-23 21:06:59.921760,True
1.0,JOB,Meta,Python Developer,2026-06-23 21:06:59.921760,True
1.0,JOB,Anthropic,LLM Engineer,2026-06-23 21:06:59.921761,True
1.0,JOB,OpenAI,AI Engineer,2026-06-23 21:06:59.921762,True
1.0,JOB,Google,ML Engineer,2026-06-23 21:06:59.921762,True
1.0,JOB,Microsoft,Data Scientist,2026-06-23 21:06:59.921763,True
1.0,JOB,Meta,Python Developer,2026-06-23 21:06:59.921763,True
1.0,JOB,Anthropic,LLM Engineer,2026-06-23 21:06:59.921764,True
1.0,JOB,OpenAI,AI Engineer,2026-06-23 21:06:59.921764,True
1.0,JOB,Google,ML Engineer,2026-06-23 21:06:59.921765,True
1.0,JOB,Microsoft,Data Scientist,2026-06-23 21:06:59.921765,True
1.0,JOB,Meta,Python Developer,2026-06-23 21:06:59.921766,True
1.0,JOB,Anthropic,LLM Engineer,2026-06-23 21:06:59.921767,True
1.0,JOB,OpenAI,AI Engineer,2026-06-23 21:06:59.921767,True
1.0,JOB,Google,ML Engineer,2026-06-23 21:06:59.921768,True
1.0,JOB,Microsoft,Data Scientist,2026-06-23 21:06:59.921768,True
1.0,JOB,Meta,Python Developer,2026-06-23 21:06:59.921769,True
1.0,JOB,Anthropic,LLM Engineer,2026-06-23 21:06:59.921769,True
1.0,JOB,OpenAI,AI Engineer,2026-06-23 21:06:59.921771,True
1.0,JOB,Google,ML Engineer,2026-06-23 21:06:59.921772,True
1.0,JOB,Microsoft,Data Scientist,2026-06-23 21:06:59.921772,True
1.0,JOB,Meta,Python Developer,2026-06-23 21:06:59.921773,True
1.0,JOB,Anthropic,LLM Engineer,2026-06-23 21:06:59.921774,True
1.0,JOB,OpenAI,AI Engineer,2026-06-23 21:06:59.921774,True
1.0,JOB,Google,ML Engineer,2026-06-23 21:06:59.921775,True
1.0,JOB,Microsoft,Data Scientist,2026-06-23 21:06:59.921775,True
1.0,JOB,Meta,Python Developer,2026-06-23 21:06:59.921776,True
1.0,JOB,Anthropic,LLM Engineer,2026-06-23 21:06:59.921776,True
1.0,JOB,OpenAI,AI Engineer,2026-06-23 21:06:59.921777,True
1.0,JOB,Google,ML Engineer,2026-06-23 21:06:59.921777,True
1.0,JOB,Microsoft,Data Scientist,2026-06-23 21:06:59.921778,True
1.0,JOB,Meta,Python Developer,2026-06-23 21:06:59.921778,True
1.0,JOB,Anthropic,LLM Engineer,2026-06-23 21:06:59.921779,True
1.0,JOB,OpenAI,AI Engineer,2026-06-23 21:06:59.921779,True
1.0,JOB,Google,ML Engineer,2026-06-23 21:06:59.921780,True
1.0,JOB,Microsoft,Data Scientist,2026-06-23 21:06:59.921781,True
1.0,JOB,Meta,Python Developer,2026-06-23 21:06:59.921782,True
1.0,JOB,Anthropic,LLM Engineer,2026-06-23 21:06:59.921782,True
1.0,JOB,OpenAI,AI Engineer,2026-06-23 21:06:59.921785,True
1.0,JOB,Google,ML Engineer,2026-06-23 21:06:59.921785,True
1.0,JOB,Microsoft,Data Scientist,2026-06-23 21:06:59.921786,True
1.0,JOB,Meta,Python Developer,2026-06-23 21:06:59.921786,True
1.0,JOB,Anthropic,LLM Engineer,2026-06-23 21:06:59.921787,True
1.0,JOB,OpenAI,AI Engineer,2026-06-23 21:06:59.921787,True
1.0,JOB,Google,ML Engineer,2026-06-23 21:06:59.921788,True
1.0,JOB,Microsoft,Data Scientist,2026-06-23 21:06:59.921788,True
1.0,JOB,Meta,Python Developer,2026-06-23 21:06:59.921789,True
1.0,JOB,Anthropic,LLM Engineer,2026-06-23 21:06:59.921789,True
1.0,JOB,OpenAI,AI Engineer,2026-06-23 21:06:59.921790,True
1.0,JOB,Google,ML Engineer,2026-06-23 21:06:59.921792,True
1.0,JOB,Microsoft,Data Scientist,2026-06-23 21:06:59.921793,True
1.0,JOB,Meta,Python Developer,2026-06-23 21:06:59.921793,True
1.0,JOB,Anthropic,LLM Engineer,2026-06-23 21:06:59.921794,True
1.0,JOB,OpenAI,AI Engineer,2026-06-23 21:06:59.921794,True
1.0,JOB,Google,ML Engineer,2026-06-23 21:06:59.921795,True
1.0,JOB,Microsoft,Data Scientist,2026-06-23 21:06:59.921795,True
1.0,JOB,Meta,Python Developer,2026-06-23 21:06:59.921796,True
1.0,JOB,Anthropic,LLM Engineer,2026-06-23 21:06:59.921798,True
1.0,JOB,OpenAI,AI Engineer,2026-06-23 21:06:59.921798,True
1.0,JOB,Google,ML Engineer,2026-06-23 21:06:59.921799,True
1.0,JOB,Microsoft,Data Scientist,2026-06-23 21:06:59.921800,True
1.0,JOB,Meta,Python Developer,2026-06-23 21:06:59.921800,True
1.0,JOB,Anthropic,LLM Engineer,2026-06-23 21:06:59.921801,True
1.0,JOB,OpenAI,AI Engineer,2026-06-23 21:06:59.921801,True
1.0,JOB,Google,ML Engineer,2026-06-23 21:06:59.921802,True
1.0,JOB,Microsoft,Data Scientist,2026-06-23 21:06:59.921802,True
1.0,JOB,Meta,Python Developer,2026-06-23 21:06:59.921803,True
1.0,JOB,Anthropic,LLM Engineer,2026-06-23 21:06:59.921803,True
1.0,JOB,OpenAI,AI Engineer,2026-06-23 21:06:59.921804,True
1.0,JOB,Google,ML Engineer,2026-06-23 21:06:59.921804,True
1.0,JOB,Microsoft,Data Scientist,2026-06-23 21:06:59.921805,True
1.0,JOB,Meta,Python Developer,2026-06-23 21:06:59.921806,True
1.0,JOB,Anthropic,LLM Engineer,2026-06-23 21:06:59.921806,True
1.0,JOB,OpenAI,AI Engineer,2026-06-23 21:06:59.921807,True
1.0,JOB,Google,ML Engineer,2026-06-23 21:06:59.921807,True
1.0,JOB,Microsoft,Data Scientist,2026-06-23 21:06:59.921808,True
1.0,JOB,Meta,Python Developer,2026-06-23 21:06:59.921808,True
1.0,JOB,Anthropic,LLM Engineer,2026-06-23 21:06:59.921810,True
1.0,JOB,OpenAI,AI Engineer,2026-06-23 21:06:59.921811,True
1.0,JOB,Google,ML Engineer,2026-06-23 21:06:59.921811,True
1.0,JOB,Microsoft,Data Scientist,2026-06-23 21:06:59.921812,True
1.0,JOB,Meta,Python Developer,2026-06-23 21:06:59.921813,True
1.0,JOB,Anthropic,LLM Engineer,2026-06-23 21:06:59.921815,True
1.0,JOB,OpenAI,AI Engineer,2026-06-23 21:06:59.921815,True
1.0,JOB,Google,ML Engineer,2026-06-23 21:06:59.921816,True
1.0,JOB,Microsoft,Data Scientist,2026-06-23 21:06:59.921817,True
1.0,JOB,Meta,Python Developer,2026-06-23 21:06:59.921817,True
1.0,JOB,Anthropic,LLM Engineer,2026-06-23 21:06:59.921818,True
1.0,JOB,OpenAI,AI Engineer,2026-06-23 21:06:59.921818,True
1.0,JOB,Google,ML Engineer,2026-06-23 21:06:59.921819,True
1.0,JOB,Microsoft,Data Scientist,2026-06-23 21:06:59.921819,True
1.0,JOB,Meta,Python Developer,2026-06-23 21:06:59.921820,True
1.0,JOB,Anthropic,LLM Engineer,2026-06-23 21:06:59.921820,True
1.0,JOB,OpenAI,AI Engineer,2026-06-23 21:06:59.921821,True
1.0,JOB,Google,ML Engineer,2026-06-23 21:06:59.921821,True
1.0,JOB,Microsoft,Data Scientist,2026-06-23 21:06:59.921822,True
1.0,JOB,Meta,Python Developer,2026-06-23 21:06:59.921824,True
1.0,JOB,Anthropic,LLM Engineer,2026-06-23 21:06:59.921825,True
1.0,JOB,OpenAI,AI Engineer,2026-06-23 21:06:59.921825,True
1.0,JOB,Google,ML Engineer,2026-06-23 21:06:59.921827,True
1.0,JOB,Microsoft,Data Scientist,2026-06-23 21:06:59.921827,True
1.0,JOB,Meta,Python Developer,2026-06-23 21:06:59.921828,True
1.0,JOB,Anthropic,LLM Engineer,2026-06-23 21:06:59.921828,True
1.0,JOB,OpenAI,AI Engineer,2026-06-23 21:06:59.921829,True
1.0,JOB,Google,ML Engineer,2026-06-23 21:06:59.921829,True
1.0,JOB,Microsoft,Data Scientist,2026-06-23 21:06:59.921830,True
1.0,JOB,Meta,Python Developer,2026-06-23 21:06:59.921830,True
1.0,JOB,Anthropic,LLM Engineer,2026-06-23 21:06:59.921831,True
1.0,JOB,OpenAI,AI Engineer,2026-06-23 21:06:59.921831,True
1.0,JOB,Google,ML Engineer,2026-06-23 21:06:59.921832,True
1.0,JOB,Microsoft,Data Scientist,2026-06-23 21:06:59.921832,True
1.0,JOB,Meta,Python Developer,2026-06-23 21:06:59.921833,True
1.0,JOB,Anthropic,LLM Engineer,2026-06-23 21:06:59.921834,True
1.0,JOB,OpenAI,AI Engineer,2026-06-23 21:06:59.921836,True
1.0,JOB,Google,ML Engineer,2026-06-23 21:06:59.921836,True
1.0,JOB,Microsoft,Data Scientist,2026-06-23 21:06:59.921837,True
1.0,JOB,Meta,Python Developer,2026-06-23 21:06:59.921839,True
1.0,JOB,Anthropic,LLM Engineer,2026-06-23 21:06:59.921839,True
1.0,JOB,OpenAI,AI Engineer,2026-06-23 21:06:59.921840,True
1.0,JOB,Google,ML Engineer,2026-06-23 21:06:59.921841,True
1.0,JOB,Microsoft,Data Scientist,2026-06-23 21:06:59.921841,True
1.0,JOB,Meta,Python Developer,2026-06-23 21:06:59.921842,True
1.0,JOB,Anthropic,LLM Engineer,2026-06-23 21:06:59.921842,True
1.0,JOB,OpenAI,AI Engineer,2026-06-23 21:06:59.921843,True
1.0,JOB,Google,ML Engineer,2026-06-23 21:06:59.921843,True
1.0,JOB,Microsoft,Data Scientist,2026-06-23 21:06:59.921844,True
1.0,JOB,Meta,Python Developer,2026-06-23 21:06:59.921845,True
1.0,JOB,Anthropic,LLM Engineer,2026-06-23 21:06:59.921845,True
1.0,JOB,OpenAI,AI Engineer,2026-06-23 21:06:59.921846,True
1.0,JOB,Google,ML Engineer,2026-06-23 21:06:59.921846,True
1.0,JOB,Microsoft,Data Scientist,2026-06-23 21:06:59.921847,True
1.0,JOB,Meta,Python Developer,2026-06-23 21:06:59.921847,True
1.0,JOB,Anthropic,LLM Engineer,2026-06-23 21:06:59.921848,True
1.0,JOB,OpenAI,AI Engineer,2026-06-23 21:06:59.921848,True
1.0,JOB,Google,ML Engineer,2026-06-23 21:06:59.921849,True
1.0,JOB,Microsoft,Data Scientist,2026-06-23 21:06:59.921851,True
1.0,JOB,Meta,Python Developer,2026-06-23 21:06:59.921851,True
1.0,JOB,Anthropic,LLM Engineer,2026-06-23 21:06:59.921852,True
1.0,JOB,OpenAI,AI Engineer,2026-06-23 21:06:59.921852,True
1.0,JOB,Google,ML Engineer,2026-06-23 21:06:59.921853,True
1.0,JOB,Microsoft,Data Scientist,2026-06-23 21:06:59.921854,True
1.0,JOB,Meta,Python Developer,2026-06-23 21:06:59.921854,True
1.0,JOB,Anthropic,LLM Engineer,2026-06-23 21:06:59.921855,True
1.0,JOB,OpenAI,AI Engineer,2026-06-23 21:06:59.921855,True
1.0,JOB,Google,ML Engineer,2026-06-23 21:06:59.921856,True
1.0,JOB,Microsoft,Data Scientist,2026-06-23 21:06:59.921856,True
1.0,JOB,Meta,Python Developer,2026-06-23 21:06:59.921857,True
1.0,JOB,Anthropic,LLM Engineer,2026-06-23 21:06:59.921857,True
1.0,JOB,OpenAI,AI Engineer,2026-06-23 21:06:59.921858,True
1.0,JOB,Google,ML Engineer,2026-06-23 21:06:59.921858,True
1.0,JOB,Microsoft,Data Scientist,2026-06-23 21:06:59.921859,True
1.0,JOB,Meta,Python Developer,2026-06-23 21:06:59.921859,True
1.0,JOB,Anthropic,LLM Engineer,2026-06-23 21:06:59.921860,True
1.0,JOB,OpenAI,AI Engineer,2026-06-23 21:06:59.921860,True
1.0,JOB,Google,ML Engineer,2026-06-23 21:06:59.921861,True
1.0,JOB,Microsoft,Data Scientist,2026-06-23 21:06:59.921863,True
1.0,JOB,Meta,Python Developer,2026-06-23 21:06:59.921864,True
1.0,JOB,Anthropic,LLM Engineer,2026-06-23 21:06:59.921864,True
1.0,JOB,OpenAI,AI Engineer,2026-06-23 21:06:59.921865,True
1.0,JOB,Google,ML Engineer,2026-06-23 21:06:59.921865,True
1.0,JOB,Microsoft,Data Scientist,2026-06-23 21:06:59.921866,True
1.0,JOB,Meta,Python Developer,2026-06-23 21:06:59.921866,True
1.0,JOB,Anthropic,LLM Engineer,2026-06-23 21:06:59.921867,True
1.0,JOB,OpenAI,AI Engineer,2026-06-23 21:06:59.921867,True
1.0,JOB,Google,ML Engineer,2026-06-23 21:06:59.921868,True
1.0,JOB,Microsoft,Data Scientist,2026-06-23 21:06:59.921868,True
1.0,JOB,Meta,Python Developer,2026-06-23 21:06:59.921870,True
1.0,JOB,Anthropic,LLM Engineer,2026-06-23 21:06:59.921871,True
1.0,JOB,OpenAI,AI Engineer,2026-06-23 21:06:59.921871,True
1.0,JOB,Google,ML Engineer,2026-06-23 21:06:59.921872,True
1.0,JOB,Microsoft,Data Scientist,2026-06-23 21:06:59.921873,True
1.0,JOB,Meta,Python Developer,2026-06-23 21:06:59.921874,True
1.0,JOB,Anthropic,LLM Engineer,2026-06-23 21:06:59.921874,True
1.0,JOB,OpenAI,AI Engineer,2026-06-23 21:06:59.921875,True
1.0,JOB,Google,ML Engineer,2026-06-23 21:06:59.921877,True
1.0,JOB,Microsoft,Data Scientist,2026-06-23 21:06:59.921877,True
1.0,JOB,Meta,Python Developer,2026-06-23 21:06:59.921879,True
1.0,JOB,Anthropic,LLM Engineer,2026-06-23 21:06:59.921880,True
1.0,JOB,OpenAI,AI Engineer,2026-06-23 21:06:59.921880,True
1.0,JOB,Google,ML Engineer,2026-06-23 21:06:59.921881,True
1.0,JOB,Microsoft,Data Scientist,2026-06-23 21:06:59.921881,True
1.0,JOB,Meta,Python Developer,2026-06-23 21:06:59.921882,True
1.0,JOB,Anthropic,LLM Engineer,2026-06-23 21:06:59.921883,True
1.0,JOB,OpenAI,AI Engineer,2026-06-23 21:06:59.921883,True
1.0,JOB,Google,ML Engineer,2026-06-23 21:06:59.921884,True
1.0,JOB,Microsoft,Data Scientist,2026-06-23 21:06:59.921884,True
1.0,JOB,Meta,Python Developer,2026-06-23 21:06:59.921885,True
1.0,JOB,Anthropic,LLM Engineer,2026-06-23 21:06:59.921885,True
1.0,JOB,OpenAI,AI Engineer,2026-06-23 21:06:59.921886,True
1.0,JOB,Google,ML Engineer,2026-06-23 21:06:59.921886,True
1.0,JOB,Microsoft,Data Scientist,2026-06-23 21:06:59.921887,True
1.0,JOB,Meta,Python Developer,2026-06-23 21:06:59.921887,True
1.0,JOB,Anthropic,LLM Engineer,2026-06-23 21:06:59.921888,True
1.0,JOB,OpenAI,AI Engineer,2026-06-23 21:06:59.921888,True
1.0,JOB,Google,ML Engineer,2026-06-23 21:06:59.921890,True
1.0,JOB,Microsoft,Data Scientist,2026-06-23 21:06:59.921891,True
1.0,JOB,Meta,Python Developer,2026-06-23 21:06:59.921892,True
1.0,JOB,Anthropic,LLM Engineer,2026-06-23 21:06:59.921892,True
1.0,JOB,OpenAI,AI Engineer,2026-06-23 21:06:59.921893,True
1.0,JOB,Google,ML Engineer,2026-06-23 21:06:59.921893,True
1.0,JOB,Microsoft,Data Scientist,2026-06-23 21:06:59.921894,True
1.0,JOB,Meta,Python Developer,2026-06-23 21:06:59.921894,True
1.0,JOB,Anthropic,LLM Engineer,2026-06-23 21:06:59.921895,True
1.0,JOB,OpenAI,AI Engineer,2026-06-23 21:06:59.921895,True
1.0,JOB,Google,ML Engineer,2026-06-23 21:06:59.921896,True
1.0,JOB,Microsoft,Data Scientist,2026-06-23 21:06:59.921897,True
1.0,JOB,Meta,Python Developer,2026-06-23 21:06:59.921897,True
1.0,JOB,Anthropic,LLM Engineer,2026-06-23 21:06:59.921898,True
1.0,JOB,OpenAI,AI Engineer,2026-06-23 21:06:59.921898,True
1.0,JOB,Google,ML Engineer,2026-06-23 21:06:59.921899,True
1.0,JOB,Microsoft,Data Scientist,2026-06-23 21:06:59.921899,True
1.0,JOB,Meta,Python Developer,2026-06-23 21:06:59.921900,True
1.0,JOB,Anthropic,LLM Engineer,2026-06-23 21:06:59.921900,True
1.0,JOB,OpenAI,AI Engineer,2026-06-23 21:06:59.921902,True
1.0,JOB,Google,ML Engineer,2026-06-23 21:06:59.921903,True
1.0,JOB,Microsoft,Data Scientist,2026-06-23 21:06:59.921903,True
1.0,JOB,Meta,Python Developer,2026-06-23 21:06:59.921904,True
1.0,JOB,Anthropic,LLM Engineer,2026-06-23 21:06:59.921904,True
1.0,JOB,OpenAI,AI Engineer,2026-06-23 21:06:59.921905,True
1.0,JOB,Google,ML Engineer,2026-06-23 21:06:59.921905,True
1.0,JOB,Microsoft,Data Scientist,2026-06-23 21:06:59.921906,True
1.0,JOB,Meta,Python Developer,2026-06-23 21:06:59.921907,True
1.0,JOB,Anthropic,LLM Engineer,2026-06-23 21:06:59.921907,True
1.0,JOB,OpenAI,AI Engineer,2026-06-23 21:06:59.921908,True
1.0,JOB,Google,ML Engineer,2026-06-23 21:06:59.921908,True
1.0,JOB,Microsoft,Data Scientist,2026-06-23 21:06:59.921909,True
1.0,JOB,Meta,Python Developer,2026-06-23 21:06:59.921909,True
1.0,JOB,Anthropic,LLM Engineer,2026-06-23 21:06:59.921910,True
1.0,JOB,OpenAI,AI Engineer,2026-06-23 21:06:59.921910,True
1.0,JOB,Google,ML Engineer,2026-06-23 21:06:59.921911,True
1.0,JOB,Microsoft,Data Scientist,2026-06-23 21:06:59.921911,True
1.0,JOB,Meta,Python Developer,2026-06-23 21:06:59.921912,True
1.0,JOB,Anthropic,LLM Engineer,2026-06-23 21:06:59.921913,True
1.0,JOB,OpenAI,AI Engineer,2026-06-23 21:06:59.921915,True
1.0,JOB,Google,ML Engineer,2026-06-23 21:06:59.921915,True
1.0,JOB,Microsoft,Data Scientist,2026-06-23 21:06:59.921916,True
1.0,JOB,Meta,Python Developer,2026-06-23 21:06:59.921916,True
1.0,JOB,Anthropic,LLM Engineer,2026-06-23 21:06:59.921917,True
1.0,JOB,OpenAI,AI Engineer,2026-06-23 21:06:59.921917,True
1.0,JOB,Google,ML Engineer,2026-06-23 21:06:59.921918,True
1.0,JOB,Microsoft,Data Scientist,2026-06-23 21:06:59.921920,True
1.0,JOB,Meta,Python Developer,2026-06-23 21:06:59.921920,True
1.0,JOB,Anthropic,LLM Engineer,2026-06-23 21:06:59.921921,True
1.0,JOB,OpenAI,AI Engineer,2026-06-23 21:06:59.921922,True
1.0,JOB,Google,ML Engineer,2026-06-23 21:06:59.921922,True
1.0,JOB,Microsoft,Data Scientist,2026-06-23 21:06:59.921923,True
1.0,JOB,Meta,Python Developer,2026-06-23 21:06:59.921923,True
1.0,JOB,Anthropic,LLM Engineer,2026-06-23 21:06:59.921924,True
1.0,JOB,OpenAI,AI Engineer,2026-06-23 21:06:59.921924,True
1.0,JOB,Google,ML Engineer,2026-06-23 21:06:59.921925,True
1.0,JOB,Microsoft,Data Scientist,2026-06-23 21:06:59.921925,True
1.0,JOB,Meta,Python Developer,2026-06-23 21:06:59.921928,True
1.0,JOB,Anthropic,LLM Engineer,2026-06-23 21:06:59.921930,True
1.0,JOB,OpenAI,AI Engineer,2026-06-23 21:06:59.921931,True
1.0,JOB,Google,ML Engineer,2026-06-23 21:06:59.921931,True
1.0,JOB,Microsoft,Data Scientist,2026-06-23 21:06:59.921932,True
1.0,JOB,Meta,Python Developer,2026-06-23 21:06:59.921932,True
1.0,JOB,Anthropic,LLM Engineer,2026-06-23 21:06:59.921933,True
1.0,JOB,OpenAI,AI Engineer,2026-06-23 21:06:59.921933,True
1.0,JOB,Google,ML Engineer,2026-06-23 21:06:59.921934,True
1.0,JOB,Microsoft,Data Scientist,2026-06-23 21:06:59.921934,True
1.0,JOB,Meta,Python Developer,2026-06-23 21:06:59.921935,True
1.0,JOB,Anthropic,LLM Engineer,2026-06-23 21:06:59.921936,True
1.0,JOB,OpenAI,AI Engineer,2026-06-23 21:06:59.921936,True
1.0,JOB,Google,ML Engineer,2026-06-23 21:06:59.921937,True
1.0,JOB,Microsoft,Data Scientist,2026-06-23 21:06:59.921937,True
1.0,JOB,Meta,Python Developer,2026-06-23 21:06:59.921938,True
1.0,JOB,Anthropic,LLM Engineer,2026-06-23 21:06:59.921938,True
1.0,JOB,OpenAI,AI Engineer,2026-06-23 21:06:59.921939,True
1.0,JOB,Google,ML Engineer,2026-06-23 21:06:59.921939,True
1.0,JOB,Microsoft,Data Scientist,2026-06-23 21:06:59.921940,True
1.0,JOB,Meta,Python Developer,2026-06-23 21:06:59.921940,True
1.0,JOB,Anthropic,LLM Engineer,2026-06-23 21:06:59.921942,True
1.0,JOB,OpenAI,AI Engineer,2026-06-23 21:06:59.921943,True
1.0,JOB,Google,ML Engineer,2026-06-23 21:06:59.921943,True
1.0,JOB,Microsoft,Data Scientist,2026-06-23 21:06:59.921944,True
1.0,JOB,Meta,Python Developer,2026-06-23 21:06:59.921944,True
1.0,JOB,Anthropic,LLM Engineer,2026-06-23 21:06:59.921945,True
1.0,JOB,OpenAI,AI Engineer,2026-06-23 21:06:59.921946,True
1.0,JOB,Google,ML Engineer,2026-06-23 21:06:59.921946,True
1.0,JOB,Microsoft,Data Scientist,2026-06-23 21:06:59.921947,True
1.0,JOB,Meta,Python Developer,2026-06-23 21:06:59.921947,True
1.0,JOB,Anthropic,LLM Engineer,2026-06-23 21:06:59.921948,True
1.0,JOB,OpenAI,AI Engineer,2026-06-23 21:06:59.921948,True
1.0,JOB,Google,ML Engineer,2026-06-23 21:06:59.921949,True
1.0,JOB,Microsoft,Data Scientist,2026-06-23 21:06:59.921949,True
1.0,JOB,Meta,Python Developer,2026-06-23 21:06:59.921950,True
1.0,JOB,Anthropic,LLM Engineer,2026-06-23 21:06:59.921950,True
1.0,JOB,OpenAI,AI Engineer,2026-06-23 21:06:59.921951,True
1.0,JOB,Google,ML Engineer,2026-06-23 21:06:59.921951,True
1.0,JOB,Microsoft,Data Scientist,2026-06-23 21:06:59.921952,True
1.0,JOB,Meta,Python Developer,2026-06-23 21:06:59.921954,True
1.0,JOB,Anthropic,LLM Engineer,2026-06-23 21:06:59.921955,True
1.0,JOB,OpenAI,AI Engineer,2026-06-23 21:06:59.921955,True
1.0,JOB,Google,ML Engineer,2026-06-23 21:06:59.921956,True
1.0,JOB,Microsoft,Data Scientist,2026-06-23 21:06:59.921956,True
1.0,JOB,Meta,Python Developer,2026-06-23 21:06:59.921957,True
1.0,JOB,Anthropic,LLM Engineer,2026-06-23 21:06:59.921958,True
1.0,JOB,OpenAI,AI Engineer,2026-06-23 21:06:59.921958,True
1.0,JOB,Google,ML Engineer,2026-06-23 21:06:59.921959,True
1.0,JOB,Microsoft,Data Scientist,2026-06-23 21:06:59.921959,True
1.0,JOB,Meta,Python Developer,2026-06-23 21:06:59.921960,True
1.0,JOB,Anthropic,LLM Engineer,2026-06-23 21:06:59.921961,True
1.0,JOB,OpenAI,AI Engineer,2026-06-23 21:06:59.921961,True
1.0,JOB,Google,ML Engineer,2026-06-23 21:06:59.921963,True
1.0,JOB,Microsoft,Data Scientist,2026-06-23 21:06:59.921964,True
1.0,JOB,Meta,Python Developer,2026-06-23 21:06:59.921964,True
1.0,JOB,Anthropic,LLM Engineer,2026-06-23 21:06:59.921965,True
1.0,JOB,OpenAI,AI Engineer,2026-06-23 21:06:59.921965,True
1.0,JOB,Google,ML Engineer,2026-06-23 21:06:59.921966,True
1.0,JOB,Microsoft,Data Scientist,2026-06-23 21:06:59.921966,True
1.0,JOB,Meta,Python Developer,2026-06-23 21:06:59.921969,True
1.0,JOB,Anthropic,LLM Engineer,2026-06-23 21:06:59.921969,True
1.0,JOB,OpenAI,AI Engineer,2026-06-23 21:06:59.921970,True
1.0,JOB,Google,ML Engineer,2026-06-23 21:06:59.921970,True
1.0,JOB,Microsoft,Data Scientist,2026-06-23 21:06:59.921971,True
1.0,JOB,Meta,Python Developer,2026-06-23 21:06:59.921971,True
1.0,JOB,Anthropic,LLM Engineer,2026-06-23 21:06:59.921972,True
1.0,JOB,OpenAI,AI Engineer,2026-06-23 21:06:59.921972,True
1.0,JOB,Google,ML Engineer,2026-06-23 21:06:59.921973,True
1.0,JOB,Microsoft,Data Scientist,2026-06-23 21:06:59.921973,True
1.0,JOB,Meta,Python Developer,2026-06-23 21:06:59.921974,True
1.0,JOB,Anthropic,LLM Engineer,2026-06-23 21:06:59.921975,True
1.0,JOB,OpenAI,AI Engineer,2026-06-23 21:06:59.921975,True
1.0,JOB,Google,ML Engineer,2026-06-23 21:06:59.921976,True
1.0,JOB,Microsoft,Data Scientist,2026-06-23 21:06:59.921976,True
1.0,JOB,Meta,Python Developer,2026-06-23 21:06:59.921977,True
1.0,JOB,Anthropic,LLM Engineer,2026-06-23 21:06:59.921977,True
1.0,JOB,OpenAI,AI Engineer,2026-06-23 21:06:59.921978,True
1.0,JOB,Google,ML Engineer,2026-06-23 21:06:59.921978,True
1.0,JOB,Microsoft,Data Scientist,2026-06-23 21:06:59.921980,True
1.0,JOB,Meta,Python Developer,2026-06-23 21:06:59.921981,True
1.0,JOB,Anthropic,LLM Engineer,2026-06-23 21:06:59.921981,True
1.0,JOB,OpenAI,AI Engineer,2026-06-23 21:06:59.921982,True
1.0,JOB,Google,ML Engineer,2026-06-23 21:06:59.921982,True
1.0,JOB,Microsoft,Data Scientist,2026-06-23 21:06:59.921983,True
1.0,JOB,Meta,Python Developer,2026-06-23 21:06:59.921985,True
1.0,JOB,Anthropic,LLM Engineer,2026-06-23 21:06:59.921985,True
1.0,JOB,OpenAI,AI Engineer,2026-06-23 21:06:59.921986,True
1.0,JOB,Google,ML Engineer,2026-06-23 21:06:59.921987,True
1.0,JOB,Microsoft,Data Scientist,2026-06-23 21:06:59.921988,True
1.0,JOB,Meta,Python Developer,2026-06-23 21:06:59.921988,True
1.0,JOB,Anthropic,LLM Engineer,2026-06-23 21:06:59.921989,True
1.0,JOB,OpenAI,AI Engineer,2026-06-23 21:06:59.921989,True
1.0,JOB,Google,ML Engineer,2026-06-23 21:06:59.921990,True
1.0,JOB,Microsoft,Data Scientist,2026-06-23 21:06:59.921990,True
1.0,JOB,Meta,Python Developer,2026-06-23 21:06:59.921991,True
1.0,JOB,Anthropic,LLM Engineer,2026-06-23 21:06:59.921991,True
1.0,JOB,OpenAI,AI Engineer,2026-06-23 21:06:59.921992,True
1.0,JOB,Google,ML Engineer,2026-06-23 21:06:59.921993,True
1.0,JOB,Microsoft,Data Scientist,2026-06-23 21:06:59.921995,True
1.0,JOB,Meta,Python Developer,2026-06-23 21:06:59.921995,True
1.0,JOB,Anthropic,LLM Engineer,2026-06-23 21:06:59.921996,True
1.0,JOB,OpenAI,AI Engineer,2026-06-23 21:06:59.921996,True
1.0,JOB,Google,ML Engineer,2026-06-23 21:06:59.921997,True
1.0,JOB,Microsoft,Data Scientist,2026-06-23 21:06:59.921997,True
1.0,JOB,Meta,Python Developer,2026-06-23 21:06:59.921998,True
1.0,JOB,Anthropic,LLM Engineer,2026-06-23 21:06:59.921999,True
1.0,JOB,OpenAI,AI Engineer,2026-06-23 21:06:59.921999,True
1.0,JOB,Google,ML Engineer,2026-06-23 21:06:59.922000,True
1.0,JOB,Microsoft,Data Scientist,2026-06-23 21:06:59.922000,True
1.0,JOB,Meta,Python Developer,2026-06-23 21:06:59.922001,True
1.0,JOB,Anthropic,LLM Engineer,2026-06-23 21:06:59.922001,True
1.0,JOB,OpenAI,AI Engineer,2026-06-23 21:06:59.922002,True
1.0,JOB,Google,ML Engineer,2026-06-23 21:06:59.922002,True
1.0,JOB,Microsoft,Data Scientist,2026-06-23 21:06:59.922003,True
1.0,JOB,Meta,Python Developer,2026-06-23 21:06:59.922003,True
1.0,JOB,Anthropic,LLM Engineer,2026-06-23 21:06:59.922004,True
1.0,JOB,OpenAI,AI Engineer,2026-06-23 21:06:59.922012,True
1.0,JOB,Google,ML Engineer,2026-06-23 21:06:59.922014,True
1.0,JOB,Microsoft,Data Scientist,2026-06-23 21:06:59.922015,True
1.0,JOB,Meta,Python Developer,2026-06-23 21:06:59.922016,True
1.0,JOB,Anthropic,LLM Engineer,2026-06-23 21:06:59.922016,True
1.0,JOB,OpenAI,AI Engineer,2026-06-23 21:06:59.922017,True
1.0,JOB,Google,ML Engineer,2026-06-23 21:06:59.922017,True
1.0,JOB,Microsoft,Data Scientist,2026-06-23 21:06:59.922018,True
1.0,JOB,Meta,Python Developer,2026-06-23 21:06:59.922018,True
1.0,JOB,Anthropic,LLM Engineer,2026-06-23 21:06:59.922019,True
1.0,JOB,OpenAI,AI Engineer,2026-06-23 21:06:59.922020,True
1.0,JOB,Google,ML Engineer,2026-06-23 21:06:59.922020,True
1.0,JOB,Microsoft,Data Scientist,2026-06-23 21:06:59.922021,True
1.0,JOB,Meta,Python Developer,2026-06-23 21:06:59.922021,True
1.0,JOB,Anthropic,LLM Engineer,2026-06-23 21:06:59.922022,True
1.0,JOB,OpenAI,AI Engineer,2026-06-23 21:06:59.922023,True
1.0,JOB,Google,ML Engineer,2026-06-23 21:06:59.922023,True
1.0,JOB,Microsoft,Data Scientist,2026-06-23 21:06:59.922024,True
1.0,JOB,Meta,Python Developer,2026-06-23 21:06:59.922024,True
1.0,JOB,Anthropic,LLM Engineer,2026-06-23 21:06:59.922025,True
1.0,JOB,OpenAI,AI Engineer,2026-06-23 21:06:59.922025,True
1.0,JOB,Google,ML Engineer,2026-06-23 21:06:59.922027,True
1.0,JOB,Microsoft,Data Scientist,2026-06-23 21:06:59.922028,True
1.0,JOB,Meta,Python Developer,2026-06-23 21:06:59.922029,True
1.0,JOB,Anthropic,LLM Engineer,2026-06-23 21:06:59.922029,True
1.0,JOB,OpenAI,AI Engineer,2026-06-23 21:06:59.922030,True
1.0,JOB,Google,ML Engineer,2026-06-23 21:06:59.922030,True
1.0,JOB,Microsoft,Data Scientist,2026-06-23 21:06:59.922031,True
1.0,JOB,Meta,Python Developer,2026-06-23 21:06:59.922032,True
1.0,JOB,Anthropic,LLM Engineer,2026-06-23 21:06:59.922032,True
1.0,JOB,OpenAI,AI Engineer,2026-06-23 21:06:59.922033,True
1.0,JOB,Google,ML Engineer,2026-06-23 21:06:59.922033,True
1.0,JOB,Microsoft,Data Scientist,2026-06-23 21:06:59.922034,True
1.0,JOB,Meta,Python Developer,2026-06-23 21:06:59.922034,True
1.0,JOB,Anthropic,LLM Engineer,2026-06-23 21:06:59.922035,True
1.0,JOB,OpenAI,AI Engineer,2026-06-23 21:06:59.922035,True
1.0,JOB,Google,ML Engineer,2026-06-23 21:06:59.922036,True
1.0,JOB,Microsoft,Data Scientist,2026-06-23 21:06:59.922037,True
1.0,JOB,Meta,Python Developer,2026-06-23 21:06:59.922037,True
1.0,JOB,Anthropic,LLM Engineer,2026-06-23 21:06:59.922038,True
1.0,JOB,OpenAI,AI Engineer,2026-06-23 21:06:59.922040,True
1.0,JOB,Google,ML Engineer,2026-06-23 21:06:59.922040,True
1.0,JOB,Microsoft,Data Scientist,2026-06-23 21:06:59.922041,True
1.0,JOB,Meta,Python Developer,2026-06-23 21:06:59.922041,True
1.0,JOB,Anthropic,LLM Engineer,2026-06-23 21:06:59.922042,True
1.0,JOB,OpenAI,AI Engineer,2026-06-23 21:06:59.922043,True
1.0,JOB,Google,ML Engineer,2026-06-23 21:06:59.922043,True
1.0,JOB,Microsoft,Data Scientist,2026-06-23 21:06:59.922044,True
1.0,JOB,Meta,Python Developer,2026-06-23 21:06:59.922044,True
1.0,JOB,Anthropic,LLM Engineer,2026-06-23 21:06:59.922045,True
1.0,JOB,OpenAI,AI Engineer,2026-06-23 21:06:59.922045,True
1.0,JOB,Google,ML Engineer,2026-06-23 21:06:59.922046,True
1.0,JOB,Microsoft,Data Scientist,2026-06-23 21:06:59.922046,True
1.0,JOB,Meta,Python Developer,2026-06-23 21:06:59.922047,True
1.0,JOB,Anthropic,LLM Engineer,2026-06-23 21:06:59.922049,True
1.0,JOB,OpenAI,AI Engineer,2026-06-23 21:06:59.922049,True
1.0,JOB,Google,ML Engineer,2026-06-23 21:06:59.922050,True
1.0,JOB,Microsoft,Data Scientist,2026-06-23 21:06:59.922051,True
1.0,JOB,Meta,Python Developer,2026-06-23 21:06:59.922051,True
1.0,JOB,Anthropic,LLM Engineer,2026-06-23 21:06:59.922052,True
1.0,JOB,OpenAI,AI Engineer,2026-06-23 21:06:59.922054,True
1.0,JOB,Google,ML Engineer,2026-06-23 21:06:59.922054,True
1.0,JOB,Microsoft,Data Scientist,2026-06-23 21:06:59.922055,True
1.0,JOB,Meta,Python Developer,2026-06-23 21:06:59.922057,True
1.0,JOB,Anthropic,LLM Engineer,2026-06-23 21:06:59.922057,True
1.0,JOB,OpenAI,AI Engineer,2026-06-23 21:06:59.922058,True
1.0,JOB,Google,ML Engineer,2026-06-23 21:06:59.922058,True
1.0,JOB,Microsoft,Data Scientist,2026-06-23 21:06:59.922059,True
1.0,JOB,Meta,Python Developer,2026-06-23 21:06:59.922060,True
1.0,JOB,Anthropic,LLM Engineer,2026-06-23 21:06:59.922060,True
1.0,JOB,OpenAI,AI Engineer,2026-06-23 21:06:59.922061,True
1.0,JOB,Google,ML Engineer,2026-06-23 21:06:59.922062,True
1.0,JOB,Microsoft,Data Scientist,2026-06-23 21:06:59.922063,True
1.0,JOB,Meta,Python Developer,2026-06-23 21:06:59.922063,True
1.0,JOB,Anthropic,LLM Engineer,2026-06-23 21:06:59.922064,True
1.0,JOB,OpenAI,AI Engineer,2026-06-23 21:06:59.922064,True
1.0,JOB,Google,ML Engineer,2026-06-23 21:06:59.922065,True
1.0,JOB,Microsoft,Data Scientist,2026-06-23 21:06:59.922065,True
1.0,JOB,Meta,Python Developer,2026-06-23 21:06:59.922066,True
1.0,JOB,Anthropic,LLM Engineer,2026-06-23 21:06:59.922068,True
1.0,JOB,OpenAI,AI Engineer,2026-06-23 21:06:59.922069,True
1.0,JOB,Google,ML Engineer,2026-06-23 21:06:59.922069,True
1.0,JOB,Microsoft,Data Scientist,2026-06-23 21:06:59.922070,True
1.0,JOB,Meta,Python Developer,2026-06-23 21:06:59.922070,True
1.0,JOB,Anthropic,LLM Engineer,2026-06-23 21:06:59.922071,True
1.0,JOB,OpenAI,AI Engineer,2026-06-23 21:06:59.922071,True
1.0,JOB,Google,ML Engineer,2026-06-23 21:06:59.922072,True
1.0,JOB,Microsoft,Data Scientist,2026-06-23 21:06:59.922072,True
1.0,JOB,Meta,Python Developer,2026-06-23 21:06:59.922073,True
1.0,JOB,Anthropic,LLM Engineer,2026-06-23 21:06:59.922074,True
1.0,JOB,OpenAI,AI Engineer,2026-06-23 21:06:59.922074,True
1.0,JOB,Google,ML Engineer,2026-06-23 21:06:59.922075,True
1.0,JOB,Microsoft,Data Scientist,2026-06-23 21:06:59.922075,True
1.0,JOB,Meta,Python Developer,2026-06-23 21:06:59.922076,True
1.0,JOB,Anthropic,LLM Engineer,2026-06-23 21:06:59.922076,True
1.0,JOB,OpenAI,AI Engineer,2026-06-23 21:06:59.922077,True
1.0,JOB,Google,ML Engineer,2026-06-23 21:06:59.922077,True
1.0,JOB,Microsoft,Data Scientist,2026-06-23 21:06:59.922078,True
1.0,JOB,Meta,Python Developer,2026-06-23 21:06:59.922079,True
1.0,JOB,Anthropic,LLM Engineer,2026-06-23 21:06:59.922081,True
1.0,JOB,OpenAI,AI Engineer,2026-06-23 21:06:59.922081,True
1.0,JOB,Google,ML Engineer,2026-06-23 21:06:59.922082,True
1.0,JOB,Microsoft,Data Scientist,2026-06-23 21:06:59.922082,True
1.0,JOB,Meta,Python Developer,2026-06-23 21:06:59.922083,True
1.0,JOB,Anthropic,LLM Engineer,2026-06-23 21:06:59.922084,True
1.0,JOB,OpenAI,AI Engineer,2026-06-23 21:06:59.922084,True
1.0,JOB,Google,ML Engineer,2026-06-23 21:06:59.922085,True
1.0,JOB,Microsoft,Data Scientist,2026-06-23 21:06:59.922085,True
1.0,JOB,Meta,Python Developer,2026-06-23 21:06:59.922086,True
1.0,JOB,Anthropic,LLM Engineer,2026-06-23 21:06:59.922086,True
1.0,JOB,OpenAI,AI Engineer,2026-06-23 21:06:59.922087,True
1.0,JOB,Google,ML Engineer,2026-06-23 21:06:59.922087,True
1.0,JOB,Microsoft,Data Scientist,2026-06-23 21:06:59.922088,True
1.0,JOB,Meta,Python Developer,2026-06-23 21:06:59.922089,True
1.0,JOB,Anthropic,LLM Engineer,2026-06-23 21:06:59.922089,True
1.0,JOB,OpenAI,AI Engineer,2026-06-23 21:06:59.922090,True
1.0,JOB,Google,ML Engineer,2026-06-23 21:06:59.922090,True
1.0,JOB,Microsoft,Data Scientist,2026-06-23 21:06:59.922091,True
1.0,JOB,Meta,Python Developer,2026-06-23 21:06:59.922121,True
1.0,JOB,Anthropic,LLM Engineer,2026-06-23 21:06:59.922122,True
1.0,JOB,OpenAI,AI Engineer,2026-06-23 21:06:59.922122,True
1.0,JOB,Google,ML Engineer,2026-06-23 21:06:59.922123,True
1.0,JOB,Microsoft,Data Scientist,2026-06-23 21:06:59.922123,True
1.0,JOB,Meta,Python Developer,2026-06-23 21:06:59.922124,True
1.0,JOB,Anthropic,LLM Engineer,2026-06-23 21:06:59.922124,True
1.0,JOB,OpenAI,AI Engineer,2026-06-23 21:06:59.922125,True
1.0,JOB,Google,ML Engineer,2026-06-23 21:06:59.922126,True
1.0,JOB,Microsoft,Data Scientist,2026-06-23 21:06:59.922128,True
1.0,JOB,Meta,Python Developer,2026-06-23 21:06:59.922128,True
1.0,JOB,Anthropic,LLM Engineer,2026-06-23 21:06:59.922129,True
1.0,JOB,OpenAI,AI Engineer,2026-06-23 21:06:59.922129,True
1.0,JOB,Google,ML Engineer,2026-06-23 21:06:59.922130,True
1.0,JOB,Microsoft,Data Scientist,2026-06-23 21:06:59.922131,True
1.0,JOB,Meta,Python Developer,2026-06-23 21:06:59.922131,True
1.0,JOB,Anthropic,LLM Engineer,2026-06-23 21:06:59.922132,True
1.0,JOB,OpenAI,AI Engineer,2026-06-23 21:06:59.922132,True
1.0,JOB,Google,ML Engineer,2026-06-23 21:06:59.922133,True
1.0,JOB,Microsoft,Data Scientist,2026-06-23 21:06:59.922133,True
1.0,JOB,Meta,Python Developer,2026-06-23 21:06:59.922137,True
1.0,JOB,Anthropic,LLM Engineer,2026-06-23 21:06:59.922137,True
1.0,JOB,OpenAI,AI Engineer,2026-06-23 21:06:59.922138,True
1.0,JOB,Google,ML Engineer,2026-06-23 21:06:59.922138,True
1.0,JOB,Microsoft,Data Scientist,2026-06-23 21:06:59.922139,True
1.0,JOB,Meta,Python Developer,2026-06-23 21:06:59.922140,True
1.0,JOB,Anthropic,LLM Engineer,2026-06-23 21:06:59.922140,True
1.0,JOB,OpenAI,AI Engineer,2026-06-23 21:06:59.922141,True
1.0,JOB,Google,ML Engineer,2026-06-23 21:06:59.922141,True
1.0,JOB,Microsoft,Data Scientist,2026-06-23 21:06:59.922142,True
1.0,JOB,Meta,Python Developer,2026-06-23 21:06:59.922142,True
1.0,JOB,Anthropic,LLM Engineer,2026-06-23 21:06:59.922143,True
1.0,JOB,OpenAI,AI Engineer,2026-06-23 21:06:59.922143,True
1.0,JOB,Google,ML Engineer,2026-06-23 21:06:59.922144,True
1.0,JOB,Microsoft,Data Scientist,2026-06-23 21:06:59.922145,True
1.0,JOB,Meta,Python Developer,2026-06-23 21:06:59.922145,True
1.0,JOB,Anthropic,LLM Engineer,2026-06-23 21:06:59.922146,True
1.0,JOB,OpenAI,AI Engineer,2026-06-23 21:06:59.922146,True
1.0,JOB,Google,ML Engineer,2026-06-23 21:06:59.922147,True
1.0,JOB,Microsoft,Data Scientist,2026-06-23 21:06:59.922149,True
1.0,JOB,Meta,Python Developer,2026-06-23 21:06:59.922149,True
1.0,JOB,Anthropic,LLM Engineer,2026-06-23 21:06:59.922150,True
1.0,JOB,OpenAI,AI Engineer,2026-06-23 21:06:59.922151,True
1.0,JOB,Google,ML Engineer,2026-06-23 21:06:59.922151,True
1.0,JOB,Microsoft,Data Scientist,2026-06-23 21:06:59.922152,True
1.0,JOB,Meta,Python Developer,2026-06-23 21:06:59.922152,True
1.0,JOB,Anthropic,LLM Engineer,2026-06-23 21:06:59.922153,True
1.0,JOB,OpenAI,AI Engineer,2026-06-23 21:06:59.922154,True
1.0,JOB,Google,ML Engineer,2026-06-23 21:06:59.922154,True
1.0,JOB,Microsoft,Data Scientist,2026-06-23 21:06:59.922155,True
1.0,JOB,Meta,Python Developer,2026-06-23 21:06:59.922155,True
1.0,JOB,Anthropic,LLM Engineer,2026-06-23 21:06:59.922156,True
1.0,JOB,OpenAI,AI Engineer,2026-06-23 21:06:59.922156,True
1.0,JOB,Google,ML Engineer,2026-06-23 21:06:59.922157,True
1.0,JOB,Microsoft,Data Scientist,2026-06-23 21:06:59.922157,True
1.0,JOB,Meta,Python Developer,2026-06-23 21:06:59.922158,True
1.0,JOB,Anthropic,LLM Engineer,2026-06-23 21:06:59.922158,True
1.0,JOB,OpenAI,AI Engineer,2026-06-23 21:06:59.922159,True
1.0,JOB,Google,ML Engineer,2026-06-23 21:06:59.922159,True
1.0,JOB,Microsoft,Data Scientist,2026-06-23 21:06:59.922162,True
1.0,JOB,Meta,Python Developer,2026-06-23 21:06:59.922162,True
1.0,JOB,Anthropic,LLM Engineer,2026-06-23 21:06:59.922163,True
1.0,JOB,OpenAI,AI Engineer,2026-06-23 21:06:59.922163,True
1.0,JOB,Google,ML Engineer,2026-06-23 21:06:59.922164,True
1.0,JOB,Microsoft,Data Scientist,2026-06-23 21:06:59.922164,True
1.0,JOB,Meta,Python Developer,2026-06-23 21:06:59.922166,True
1.0,JOB,Anthropic,LLM Engineer,2026-06-23 21:06:59.922166,True
1.0,JOB,OpenAI,AI Engineer,2026-06-23 21:06:59.922167,True
1.0,JOB,Google,ML Engineer,2026-06-23 21:06:59.922168,True
1.0,JOB,Microsoft,Data Scientist,2026-06-23 21:06:59.922168,True
1.0,JOB,Meta,Python Developer,2026-06-23 21:06:59.922169,True
1.0,JOB,Anthropic,LLM Engineer,2026-06-23 21:06:59.922169,True
1.0,JOB,OpenAI,AI Engineer,2026-06-23 21:06:59.922170,True
1.0,JOB,Google,ML Engineer,2026-06-23 21:06:59.922172,True
1.0,JOB,Microsoft,Data Scientist,2026-06-23 21:06:59.922172,True
1.0,JOB,Meta,Python Developer,2026-06-23 21:06:59.922173,True
1.0,JOB,Anthropic,LLM Engineer,2026-06-23 21:06:59.922174,True
1.0,JOB,OpenAI,AI Engineer,2026-06-23 21:06:59.922174,True
1.0,JOB,Google,ML Engineer,2026-06-23 21:06:59.922176,True
1.0,JOB,Microsoft,Data Scientist,2026-06-23 21:06:59.922176,True
1.0,JOB,Meta,Python Developer,2026-06-23 21:06:59.922177,True
1.0,JOB,Anthropic,LLM Engineer,2026-06-23 21:06:59.922178,True
1.0,JOB,OpenAI,AI Engineer,2026-06-23 21:06:59.922178,True
1.0,JOB,Google,ML Engineer,2026-06-23 21:06:59.922179,True
1.0,JOB,Microsoft,Data Scientist,2026-06-23 21:06:59.922180,True
1.0,JOB,Meta,Python Developer,2026-06-23 21:06:59.922316,True
1.0,JOB,Anthropic,LLM Engineer,2026-06-23 21:06:59.922317,True
1.0,JOB,OpenAI,AI Engineer,2026-06-23 21:06:59.922318,True
1.0,JOB,Google,ML Engineer,2026-06-23 21:06:59.922318,True
1.0,JOB,Microsoft,Data Scientist,2026-06-23 21:06:59.922319,True
1.0,JOB,Meta,Python Developer,2026-06-23 21:06:59.922320,True
1.0,JOB,Anthropic,LLM Engineer,2026-06-23 21:06:59.922320,True
